{
  "best_model": "random_forest",
  "results": {
    "linear_regression": {
      "mae": 1.3220331201253448,
      "mse": 8.081737282321788,
      "rmse": 2.8428396511800993,
      "r2": -0.05439229377021948
    },
    "random_forest": {
      "mae": 0.43101873398927876,
      "mse": 2.498122325733977,
      "rmse": 1.5805449458126704,
      "r2": 0.6740798621466044
    },
    "gradient_boosting": {
      "mae": 0.6397895913155656,
      "mse": 3.6516878291179444,
      "rmse": 1.9109389914693626,
      "r2": 0.5235787341542593
    }
  }
}